Workbook

Sheet Comparacion
A1: Proveedor | B1: Modalidad | C1: DataCenterPrimario | D1: DataCenterSecundario | E1: vCPU | F1: RAM_GB | G1: Storage | H1: IOPS_Garantizados | I1: Ancho_Banda | J1: SLA_Disponibilidad | K1: RTO | L1: RPO | M1: Firewall_Administrado | N1: Anti_DDoS | O1: Backups_Externos | P1: Recuperacion_Granular | Q1: Monitoreo_24x7 | R1: NOC_24x7 | S1: VPN_SiteToSite | T1: VLAN | U1: Provisionamiento_Dias | V1: Costo_Mensual_USD | W1: Costo_Setup_USD | X1: Costo_Anual_USD | Y1: Observaciones
A2: Cirion
A3: GTD
A4: Claro Empresas
A5: WIN Empresas
A6: Equinix / Partner

Sheet Resumen
A1: Proveedor | B1: Costo Mensual USD | C1: Costo Setup USD | D1: Costo Anual USD | E1: SLA | F1: RTO | G1: Semaforo Costo | H1: Semaforo SLA | I1: Semaforo RTO | J1: Puntaje Costo | K1: Puntaje SLA | L1: Puntaje RTO | M1: Puntaje Total | N1: Ranking
A2: Cirion | B2: =Comparacion!V2 | C2: =Comparacion!W2 | D2: =Comparacion!X2 | E2: =Comparacion!J2 | F2: =Comparacion!K2 | G2: =IF(B2="","PENDIENTE",IF(B2<=2500,"VERDE",IF(B2<=4000,"AMARILLO","ROJO"))) | H2: =IF(E2="","PENDIENTE",IF(E2>=0.9995,"VERDE",IF(E2>=0.999,"AMARILLO","ROJO"))) | I2: =IF(F2="","PENDIENTE",IF(F2<=5,"VERDE",IF(F2<=15,"AMARILLO","ROJO"))) | J2: =IF(G2="VERDE",100,IF(G2="AMARILLO",60,IF(G2="ROJO",20,""))) | K2: =IF(H2="VERDE",100,IF(H2="AMARILLO",60,IF(H2="ROJO",20,""))) | L2: =IF(I2="VERDE",100,IF(I2="AMARILLO",60,IF(I2="ROJO",20,""))) | M2: =IF(COUNT(J2:L2)<3,"",ROUND(J2*0.35+K2*0.40+L2*0.25,2)) | N2: =IF(M2="","",RANK(M2,$M$2:$M$6,0))
A3: GTD | B3: =Comparacion!V3 | C3: =Comparacion!W3 | D3: =Comparacion!X3 | E3: =Comparacion!J3 | F3: =Comparacion!K3 | G3: =IF(B3="","PENDIENTE",IF(B3<=2500,"VERDE",IF(B3<=4000,"AMARILLO","ROJO"))) | H3: =IF(E3="","PENDIENTE",IF(E3>=0.9995,"VERDE",IF(E3>=0.999,"AMARILLO","ROJO"))) | I3: =IF(F3="","PENDIENTE",IF(F3<=5,"VERDE",IF(F3<=15,"AMARILLO","ROJO"))) | J3: =IF(G3="VERDE",100,IF(G3="AMARILLO",60,IF(G3="ROJO",20,""))) | K3: =IF(H3="VERDE",100,IF(H3="AMARILLO",60,IF(H3="ROJO",20,""))) | L3: =IF(I3="VERDE",100,IF(I3="AMARILLO",60,IF(I3="ROJO",20,""))) | M3: =IF(COUNT(J3:L3)<3,"",ROUND(J3*0.35+K3*0.40+L3*0.25,2)) | N3: =IF(M3="","",RANK(M3,$M$2:$M$6,0))
A4: Claro Empresas | B4: =Comparacion!V4 | C4: =Comparacion!W4 | D4: =Comparacion!X4 | E4: =Comparacion!J4 | F4: =Comparacion!K4 | G4: =IF(B4="","PENDIENTE",IF(B4<=2500,"VERDE",IF(B4<=4000,"AMARILLO","ROJO"))) | H4: =IF(E4="","PENDIENTE",IF(E4>=0.9995,"VERDE",IF(E4>=0.999,"AMARILLO","ROJO"))) | I4: =IF(F4="","PENDIENTE",IF(F4<=5,"VERDE",IF(F4<=15,"AMARILLO","ROJO"))) | J4: =IF(G4="VERDE",100,IF(G4="AMARILLO",60,IF(G4="ROJO",20,""))) | K4: =IF(H4="VERDE",100,IF(H4="AMARILLO",60,IF(H4="ROJO",20,""))) | L4: =IF(I4="VERDE",100,IF(I4="AMARILLO",60,IF(I4="ROJO",20,""))) | M4: =IF(COUNT(J4:L4)<3,"",ROUND(J4*0.35+K4*0.40+L4*0.25,2)) | N4: =IF(M4="","",RANK(M4,$M$2:$M$6,0))
A5: WIN Empresas | B5: =Comparacion!V5 | C5: =Comparacion!W5 | D5: =Comparacion!X5 | E5: =Comparacion!J5 | F5: =Comparacion!K5 | G5: =IF(B5="","PENDIENTE",IF(B5<=2500,"VERDE",IF(B5<=4000,"AMARILLO","ROJO"))) | H5: =IF(E5="","PENDIENTE",IF(E5>=0.9995,"VERDE",IF(E5>=0.999,"AMARILLO","ROJO"))) | I5: =IF(F5="","PENDIENTE",IF(F5<=5,"VERDE",IF(F5<=15,"AMARILLO","ROJO"))) | J5: =IF(G5="VERDE",100,IF(G5="AMARILLO",60,IF(G5="ROJO",20,""))) | K5: =IF(H5="VERDE",100,IF(H5="AMARILLO",60,IF(H5="ROJO",20,""))) | L5: =IF(I5="VERDE",100,IF(I5="AMARILLO",60,IF(I5="ROJO",20,""))) | M5: =IF(COUNT(J5:L5)<3,"",ROUND(J5*0.35+K5*0.40+L5*0.25,2)) | N5: =IF(M5="","",RANK(M5,$M$2:$M$6,0))
A6: Equinix / Partner | B6: =Comparacion!V6 | C6: =Comparacion!W6 | D6: =Comparacion!X6 | E6: =Comparacion!J6 | F6: =Comparacion!K6 | G6: =IF(B6="","PENDIENTE",IF(B6<=2500,"VERDE",IF(B6<=4000,"AMARILLO","ROJO"))) | H6: =IF(E6="","PENDIENTE",IF(E6>=0.9995,"VERDE",IF(E6>=0.999,"AMARILLO","ROJO"))) | I6: =IF(F6="","PENDIENTE",IF(F6<=5,"VERDE",IF(F6<=15,"AMARILLO","ROJO"))) | J6: =IF(G6="VERDE",100,IF(G6="AMARILLO",60,IF(G6="ROJO",20,""))) | K6: =IF(H6="VERDE",100,IF(H6="AMARILLO",60,IF(H6="ROJO",20,""))) | L6: =IF(I6="VERDE",100,IF(I6="AMARILLO",60,IF(I6="ROJO",20,""))) | M6: =IF(COUNT(J6:L6)<3,"",ROUND(J6*0.35+K6*0.40+L6*0.25,2)) | N6: =IF(M6="","",RANK(M6,$M$2:$M$6,0))

Sheet Criterios
A1: Criterio | B1: Verde | C1: Amarillo | D1: Rojo
A2: Costo mensual USD | B2: <= 2500 | C2: <= 4000 | D2: > 4000
A3: SLA disponibilidad | B3: >= 99.95% | C3: >= 99.90% | D3: < 99.90%
A4: RTO minutos | B4: <= 5 | C4: <= 15 | D4: > 15
A5: Peso costo | B5: 35%
A6: Peso SLA | B6: 40%
A7: Peso RTO | B7: 25%
A8: Nota | B8: Ajusta estos umbrales si la cotizacion real usa otro nivel de servicio o alcance.
